naslov,avtor,ocena,vse_ocene,kon_ocena,vsi_glasovi
The Hunger Games,Suzanne Collins, 4.33 ,"6,370,017",2.991.845,30496
Harry Potter and the Order of the Phoenix,J.K. Rowling, 4.50 ,"2,504,487",2.630.762,26908
To Kill a Mockingbird,Harper Lee, 4.28 ,"4,495,640",2.267.440,23308
Pride and Prejudice,Jane Austen, 4.26 ,"2,994,101",1.980.034,20421
Twilight,Stephenie Meyer, 3.60 ,"4,959,289",1.458.877,14868
The Book Thief,Markus Zusak, 4.37 ,"1,831,989",1.371.355,14153
Animal Farm,George Orwell, 3.95 ,"2,736,877",1.275.335,13252
The Chronicles of Narnia,C.S. Lewis, 4.26 ,"516,998",1.237.662,12940
J.R.R. Tolkien 4-Book Boxed Set: The Hobbit and The Lord of the Rings,J.R.R. Tolkien, 4.60 ,"110,047",1.157.829,12091
Gone with the Wind,Margaret Mitchell, 4.30 ,"1,073,765",1.087.141,11205
The Fault in Our Stars,John Green, 4.21 ,"3,546,077",1.086.569,11282
The Hitchhiker&#39;s Guide to the Galaxy,Douglas Adams, 4.22 ,"1,434,332",1.063.038,10990
The Giving Tree,Shel Silverstein, 4.37 ,"904,639",1.021.118,10590
Wuthering Heights,Emily Brontë, 3.86 ,"1,341,051",980.557,10265
The Da Vinci Code,Dan Brown, 3.86 ,"1,931,396",875.958,9224
Memoirs of a Geisha,Arthur Golden, 4.12 ,"1,715,918",862.350,8989
The Picture of Dorian Gray,Oscar Wilde, 4.08 ,"964,607",860.823,9086
Alice&#39;s Adventures in Wonderland &amp; Through the Looking-Glass,Lewis Carroll, 4.06 ,"457,625",833.310,8808
Jane Eyre,Charlotte Brontë, 4.13 ,"1,622,914",825.894,8731
Les Misérables,Victor Hugo, 4.18 ,"682,201",812.239,8539
Fahrenheit 451,Ray Bradbury, 3.99 ,"1,677,761",792.808,8527
Divergent,Veronica Roth, 4.19 ,"2,902,757",792.792,8334
Lord of the Flies,William Golding, 3.69 ,"2,260,975",773.366,8228
Romeo and Juliet,William Shakespeare, 3.75 ,"2,053,406",771.204,8276
The Alchemist,Paulo Coelho, 3.88 ,"2,104,528",765.098,8003
Crime and Punishment,Fyodor Dostoyevsky, 4.22 ,"625,973",758.780,7934
The Perks of Being a Wallflower,Stephen Chbosky, 4.20 ,"1,248,893",757.913,7974
The Great Gatsby,F. Scott Fitzgerald, 3.92 ,"3,771,366",753.746,8128
City of Bones,Cassandra Clare, 4.10 ,"1,615,821",721.630,7599
Ender&#39;s Game,Orson Scott Card, 4.30 ,"1,129,971",720.269,7511
The Help,Kathryn Stockett, 4.47 ,"2,161,511",718.141,7692
Anne of Green Gables,L.M. Montgomery, 4.26 ,"726,737",695.268,7338
Harry Potter and the Sorcerer&#39;s Stone,J.K. Rowling, 4.47 ,"7,038,162",690.195,7335
The Little Prince,Antoine de Saint-Exupéry, 4.31 ,"1,360,343",688.993,7374
Charlotte&#39;s Web,E.B. White, 4.17 ,"1,415,586",680.588,7352
Of Mice and Men,John Steinbeck, 3.88 ,"1,940,242",667.538,7214
The Time Traveler&#39;s Wife,Audrey Niffenegger, 3.97 ,"1,572,484",666.332,6969
Dracula,Bram Stoker, 4.00 ,"936,379",646.393,6984
Brave New World,Aldous Huxley, 3.99 ,"1,439,459",635.586,6828
One Hundred Years of Solitude,Gabriel García Márquez, 4.08 ,"752,554",620.989,6540
The Catcher in the Rye,J.D. Salinger, 3.81 ,"2,733,332",602.891,6529
The Princess Bride,William Goldman, 4.26 ,"778,818",601.298,6409
The Lightning Thief,Rick Riordan, 4.26 ,"1,989,470",595.870,6357
The Secret Garden,Frances Hodgson Burnett, 4.13 ,"890,218",585.449,6442
A Thousand Splendid Suns,Khaled Hosseini, 4.38 ,"1,149,896",580.250,6159
A Wrinkle in Time,Madeleine L&#39;Engle, 4.00 ,"1,050,585",562.702,6013
A Game of Thrones,George R.R. Martin, 4.45 ,"2,000,967",561.481,5999
The Adventures of Huckleberry Finn,Mark Twain, 3.82 ,"1,151,086",516.353,5686
The Lovely Bones,Alice Sebold, 3.82 ,"2,012,823",510.188,5512
The Outsiders,S.E. Hinton, 4.10 ,"937,003",508.860,5507
Where the Wild Things Are,Maurice Sendak, 4.22 ,"816,093",502.753,5479
Green Eggs and Ham,Dr. Seuss, 4.30 ,"615,833",497.793,5478
The Odyssey,Homer, 3.77 ,"860,657",494.160,5434
Life of Pi,Yann Martel, 3.91 ,"1,337,782",490.279,5305
A Tale of Two Cities,Charles Dickens, 3.85 ,"809,331",488.344,5359
Water for Elephants,Sara Gruen, 4.09 ,"1,378,388",474.231,5109
Lolita,Vladimir Nabokov, 3.89 ,"662,415",461.680,4973
Slaughterhouse-Five,Kurt Vonnegut Jr., 4.08 ,"1,127,861",448.585,4856
Frankenstein: The 1818 Text,Mary Wollstonecraft Shelley, 3.81 ,"1,160,978",438.167,4908
The Kite Runner,Khaled Hosseini, 4.30 ,"2,422,448",436.529,4766
The Handmaid&#39;s Tale,Margaret Atwood, 4.11 ,"1,456,780",422.226,4640
The Giver,Lois Lowry, 4.13 ,"1,782,830",417.769,4561
Catch-22,Joseph Heller, 3.98 ,"722,484",408.151,4453
Dune,Frank Herbert, 4.23 ,"762,885",406.403,4390
The Pillars of the Earth,Ken Follett, 4.32 ,"647,587",392.354,4222
The Stand,Stephen King, 4.34 ,"615,137",391.703,4240
The Adventures of Sherlock Holmes,Arthur Conan Doyle, 4.30 ,"242,764",375.676,4213
Watership Down,Richard  Adams, 4.06 ,"433,333",370.933,4056
Great Expectations,Charles Dickens, 3.78 ,"650,103",367.038,4222
Little Women,Louisa May Alcott, 4.09 ,"1,679,749",354.255,4057
The Bell Jar,Sylvia Plath, 4.01 ,"590,478",351.402,3859
Harry Potter and the Deathly Hallows,J.K. Rowling, 4.62 ,"2,807,622",350.761,3829
One Flew Over the Cuckoo&#39;s Nest,Ken Kesey, 4.19 ,"630,371",350.410,3970
Anna Karenina,Leo Tolstoy, 4.05 ,"655,040",348.061,3814
Outlander,Diana Gabaldon, 4.23 ,"822,758",341.370,3654
My Sister&#39;s Keeper,Jodi Picoult, 4.08 ,"1,056,066",340.838,3752
Matilda,Roald Dahl, 4.32 ,"646,512",339.769,3788
The Fellowship of the Ring,J.R.R. Tolkien, 4.36 ,"2,353,514",338.702,3814
The Girl with the Dragon Tattoo,Stieg Larsson, 4.14 ,"2,605,461",338.089,3778
Rebecca,Daphne du Maurier, 4.23 ,"448,536",332.160,3732
1984,George Orwell, 4.19 ,"3,135,390",323.235,3532
The Color Purple,Alice Walker, 4.22 ,"520,576",318.919,3626
A Tree Grows in Brooklyn,Betty  Smith, 4.27 ,"388,130",309.313,3405
A Clockwork Orange,Anthony Burgess, 3.99 ,"600,363",302.669,3410
The Road,Cormac McCarthy, 3.97 ,"715,444",300.848,3299
The Brothers Karamazov,Fyodor Dostoyevsky, 4.32 ,"242,876",299.439,3310
Angela&#39;s Ashes,Frank McCourt, 4.11 ,"539,081",290.215,3239
Vampire Academy,Richelle Mead, 4.12 ,"548,340",277.718,2985
Siddhartha,Hermann Hesse, 4.03 ,"581,934",272.823,3046
The Poisonwood Bible,Barbara Kingsolver, 4.06 ,"658,350",271.161,2977
The Golden Compass,Philip Pullman, 3.99 ,"1,282,702",256.957,2878
Don Quixote,Miguel de Cervantes Saavedra, 3.88 ,"209,333",253.475,2889
Atlas Shrugged,Ayn Rand, 3.69 ,"353,503",248.484,2730
Harry Potter and the Prisoner of Azkaban,J.K. Rowling, 4.57 ,"2,802,396",247.193,2764
The Old Man and the Sea,Ernest Hemingway, 3.78 ,"830,075",235.243,2725
The Notebook,Nicholas Sparks, 4.11 ,"1,329,834",228.629,2582
Winnie-the-Pooh,A.A. Milne, 4.34 ,"270,056",218.701,2576
The Complete Stories and Poems,Edgar Allan Poe, 4.38 ,"219,895",218.248,2532
Interview with the Vampire,Anne Rice, 4.00 ,"483,971",208.148,2385
A Prayer for Owen Meany,John Irving, 4.23 ,"285,806",207.246,2280
"Moby-Dick or, the Whale",Herman Melville, 3.51 ,"478,745",202.650,2346
The Red Tent,Anita Diamant, 4.18 ,"519,869",181.001,2025
Harry Potter and the Goblet of Fire,J.K. Rowling, 4.56 ,"2,591,361",179.291,2053
The Secret Life of Bees,Sue Monk Kidd, 4.06 ,"1,115,781",179.132,2051
Clockwork Angel,Cassandra Clare, 4.32 ,"665,095",174.407,1920
Harry Potter and the Half-Blood Prince,J.K. Rowling, 4.57 ,"2,434,670",162.801,1889
And Then There Were None,Agatha Christie, 4.26 ,"820,110",161.187,1873
Middlesex,Jeffrey Eugenides, 4.01 ,"580,900",156.895,1752
The Stranger,Albert Camus, 3.98 ,"705,018",155.456,1785
The Master and Margarita,Mikhail Bulgakov, 4.29 ,"242,214",150.874,1647
The Name of the Wind,Patrick Rothfuss, 4.53 ,"714,354",150.539,1597
The Shining,Stephen King, 4.23 ,"1,125,005",149.852,1765
The Adventures of Tom Sawyer,Mark Twain, 3.91 ,"757,272",147.020,1807
Eragon,Christopher Paolini, 3.90 ,"1,435,627",144.990,1656
Charlie and the Chocolate Factory,Roald Dahl, 4.14 ,"663,844",143.788,1719
Flowers for Algernon,Daniel Keyes, 4.14 ,"477,828",142.273,1655
On the Road,Jack Kerouac, 3.62 ,"348,081",140.738,1595
Looking for Alaska,John Green, 4.02 ,"1,112,080",140.023,1535
The Metamorphosis,Franz Kafka, 3.82 ,"641,934",139.711,1645
The Shadow of the Wind,Carlos Ruiz Zafón, 4.27 ,"461,308",139.092,1538
The Curious Incident of the Dog in the Night-Time,Mark Haddon, 3.88 ,"1,190,402",138.102,1590
The Very Hungry Caterpillar,Eric Carle, 4.30 ,"395,650",137.236,1601
Tuesdays with Morrie,Mitch Albom, 4.11 ,"781,356",135.688,1553
The Unbearable Lightness of Being,Milan Kundera, 4.10 ,"341,149",135.139,1517
The Name of the Rose,Umberto Eco, 4.12 ,"300,414",132.087,1532
Where the Red Fern Grows,Wilson Rawls, 4.08 ,"341,896",131.171,1527
Harry Potter and the Chamber of Secrets,J.K. Rowling, 4.43 ,"2,721,896",130.922,1570
The Godfather,Mario Puzo, 4.36 ,"334,410",128.489,1519
The Scarlet Letter,Nathaniel Hawthorne, 3.41 ,"705,642",128.265,1597
In Cold Blood,Truman Capote, 4.07 ,"528,444",125.917,1494
Fight Club,Chuck Palahniuk, 4.19 ,"498,437",125.361,1446
The Five People You Meet in Heaven,Mitch Albom, 3.94 ,"577,691",125.040,1441
"Hush, Hush",Becca Fitzpatrick, 3.97 ,"572,730",124.737,1379
The Cat in the Hat,Dr. Seuss, 4.17 ,"427,211",120.301,1482
Lonesome Dove,Larry McMurtry, 4.48 ,"148,898",119.713,1343
American Gods,Neil Gaiman, 4.11 ,"757,472",119.623,1355
Perfume: The Story of a Murderer,Patrick Süskind, 4.02 ,"327,299",119.485,1360
The Count of Monte Cristo,Alexandre Dumas, 4.25 ,"745,713",119.359,1375
Holes,Louis Sachar, 3.97 ,"968,607",118.974,1423
"The Lion, the Witch and the Wardrobe",C.S. Lewis, 4.22 ,"2,125,699",118.214,1474
It,Stephen King, 4.24 ,"800,978",116.529,1354
Watchmen,Alan Moore, 4.36 ,"486,868",116.385,1318
The Last Olympian,Rick Riordan, 4.51 ,"666,982",116.216,1337
The Little House Collection,Laura Ingalls Wilder, 4.34 ,"141,443",115.088,1361
The Divine Comedy,Dante Alighieri, 4.05 ,"119,458",114.405,1357
Peter Pan,J.M. Barrie, 4.05 ,"276,325",113.878,1410
All Quiet on the Western Front,Erich Maria Remarque, 3.98 ,"354,877",113.129,1326
The Compleat Works of Wllm Shkspr,Reduced Shakespeare Company, 4.44 ,"8,435",107.301,1232
"The Hobbit, or There and Back Again",J.R.R. Tolkien, 4.27 ,"2,892,742",107.226,1281
Love in the Time of Cholera,Gabriel García Márquez, 3.92 ,"411,568",106.573,1267
Shadow Kiss,Richelle Mead, 4.35 ,"324,929",105.202,1170
Insurgent,Veronica Roth, 4.02 ,"1,166,685",104.936,1194
The Thorn Birds,Colleen McCullough, 4.23 ,"314,220",104.326,1263
A Walk to Remember,Nicholas Sparks, 4.18 ,"672,495",104.191,1217
How the Grinch Stole Christmas!,Dr. Seuss, 4.36 ,"329,843",98.206,1266
The Ultimate Hitchhiker&#39;s Guide to the Galaxy,Douglas Adams, 4.36 ,"286,656",97.868,1151
Atonement,Ian McEwan, 3.91 ,"438,977",97.251,1164
"Eat, Pray, Love",Elizabeth Gilbert, 3.57 ,"1,473,329",97.131,1123
The Importance of Being Earnest,Oscar Wilde, 4.18 ,"301,904",97.086,1208
Their Eyes Were Watching God,Zora Neale Hurston, 3.94 ,"265,245",96.042,1110
The Wonderful Wizard of Oz,L. Frank Baum, 3.98 ,"369,071",95.453,1247
The Three Musketeers,Alexandre Dumas, 4.07 ,"273,384",95.451,1197
Frostbite,Richelle Mead, 4.27 ,"308,953",94.716,1076
Goodnight Moon,Margaret Wise Brown, 4.28 ,"305,081",94.057,1168
The Lorax,Dr. Seuss, 4.34 ,"283,070",92.526,1130
"Good Omens: The Nice and Accurate Prophecies of Agnes Nutter, Witch",Terry Pratchett, 4.24 ,"542,255",92.423,1056
Blood Promise,Richelle Mead, 4.32 ,"275,754",89.995,1026
Tess of the D&#39;Urbervilles,Thomas Hardy, 3.80 ,"238,015",88.973,1090
The Good Earth,Pearl S. Buck, 3.99 ,"223,058",88.598,1078
Heart of Darkness,Joseph Conrad, 3.43 ,"413,837",88.285,1090
A Midsummer Night&#39;s Dream,William Shakespeare, 3.95 ,"442,400",87.413,1151
The Battle of the Labyrinth,Rick Riordan, 4.39 ,"740,118",87.342,1033
Clockwork Princess,Cassandra Clare, 4.57 ,"336,466",86.774,971
The Prophet,Kahlil Gibran, 4.22 ,"234,534",86.748,1045
The Mists of Avalon,Marion Zimmer Bradley, 4.11 ,"191,487",84.898,1008
The Titan&#39;s Curse,Rick Riordan, 4.35 ,"685,187",84.197,1014
The Sea of Monsters,Rick Riordan, 4.24 ,"747,490",83.741,1008
The Joy Luck Club,Amy Tan, 3.93 ,"597,525",82.461,1035
Alice in Wonderland,Jane Carruth, 4.02 ,"376,450",82.010,1069
The Call of the Wild,Jack London, 3.87 ,"340,547",81.356,1058
Jonathan Livingston Seagull,Richard Bach, 3.84 ,"202,092",81.140,991
Madame Bovary,Gustave Flaubert, 3.68 ,"253,350",80.572,1009
The Phantom Tollbooth,Norton Juster, 4.20 ,"241,303",80.122,941
Bridge to Terabithia,Katherine Paterson, 4.01 ,"444,701",79.610,1006
The Hunger Games Trilogy Boxset,Suzanne Collins, 4.48 ,"187,759",79.239,935
"Oh, the Places You&#39;ll Go!",Dr. Seuss, 4.35 ,"328,058",78.977,1005
The Girl Who Played with Fire,Stieg Larsson, 4.24 ,"808,629",78.577,978
The Maze Runner,James Dashner, 4.03 ,"1,054,371",78.429,902
The Neverending Story,Michael Ende, 4.17 ,"161,584",77.699,944
Oliver Twist,Charles Dickens, 3.87 ,"318,823",77.656,1054
Ulysses,James Joyce, 3.73 ,"110,731",77.545,923
Treasure Island,Robert Louis Stevenson, 3.83 ,"401,515",77.086,1041
Fifty Shades of Grey,E.L. James, 3.66 ,"1,943,935",75.815,856
The Clan of the Cave Bear,Jean M. Auel, 4.05 ,"228,888",75.174,924
A Storm of Swords,George R.R. Martin, 4.54 ,"665,502",73.892,855
The Canterbury Tales,Geoffrey Chaucer, 3.50 ,"188,457",73.743,983
The World According to Garp,John Irving, 4.09 ,"204,513",72.939,904
A Farewell to Arms,Ernest Hemingway, 3.81 ,"262,933",72.855,935
David Copperfield,Charles Dickens, 4.00 ,"198,887",72.676,956
Tote Mädchen lügen nicht,Jay Asher, 3.92 ,"771,886",71.361,818
Wicked: The Life and Times of the Wicked Witch of the West,Gregory Maguire, 3.54 ,"573,143",69.973,846
Shōgun,James Clavell, 4.39 ,"146,603",68.575,839
Extremely Loud &amp; Incredibly Close,Jonathan Safran Foer, 3.97 ,"379,710",68.087,780
Murder on the Orient Express,Agatha Christie, 4.17 ,"379,986",67.722,880
A Little Princess,Frances Hodgson Burnett, 4.20 ,"271,484",67.478,858
The Other Boleyn Girl,Philippa Gregory, 4.07 ,"455,324",67.337,826
His Dark Materials,Philip Pullman, 4.25 ,"143,369",67.197,784
Schindler&#39;s List,Thomas Keneally, 4.34 ,"144,078",66.873,881
The Boy in the Striped Pajamas,John Boyne, 4.15 ,"516,939",66.495,825
Jurassic Park,Michael Crichton, 4.04 ,"801,795",65.836,824
Fallen,Lauren Kate, 3.73 ,"493,468",65.537,759
Last Sacrifice,Richelle Mead, 4.39 ,"254,656",65.537,769
The Night Circus,Erin Morgenstern, 4.03 ,"683,327",65.366,741
The Silmarillion,J.R.R. Tolkien, 3.93 ,"218,822",64.290,775
The Secret Magdalene,Ki Longfellow, 4.07 ,"4,257",63.985,657
Beloved,Toni Morrison, 3.87 ,"324,837",63.933,794
The Trial,Franz Kafka, 3.96 ,"233,832",63.049,775
A Confederacy of Dunces,John Kennedy Toole, 3.89 ,"230,861",63.048,727
The Sun Also Rises,Ernest Hemingway, 3.82 ,"365,622",63.039,801
The Selection,Kiera Cass, 4.13 ,"890,955",62.933,715
The Velveteen Rabbit,Margery Williams Bianco, 4.29 ,"221,360",62.527,838
Catching Fire,Suzanne Collins, 4.29 ,"2,510,654",61.824,758
The Lost Hero,Rick Riordan, 4.33 ,"622,728",61.665,745
Throne of Glass,Sarah J. Maas, 4.20 ,"594,678",61.343,684
Spirit Bound,Richelle Mead, 4.35 ,"259,841",61.124,724
Clockwork Prince,Cassandra Clare, 4.44 ,"441,023",60.579,716
The Crucible,Arthur  Miller, 3.59 ,"322,751",59.778,795
The Iliad/The Odyssey,Homer, 4.04 ,"62,670",59.731,790
Cat&#39;s Cradle,Kurt Vonnegut Jr., 4.16 ,"338,628",59.024,719
The God of Small Things,Arundhati Roy, 3.94 ,"243,957",58.276,687
The Wind in the Willows,Kenneth Grahame, 3.98 ,"179,304",57.972,775
The Screwtape Letters,C.S. Lewis, 4.22 ,"331,483",57.947,714
Girl with a Pearl Earring,Tracy Chevalier, 3.89 ,"626,116",57.742,752
The Hiding Place: The Triumphant True Story of Corrie Ten Boom,Corrie ten Boom, 4.42 ,"256,761",57.445,686
A Light in the Attic,Shel Silverstein, 4.34 ,"373,965",56.943,755
Shiver,Maggie Stiefvater, 3.77 ,"430,445",56.738,659
The Silence of the Lambs,Thomas  Harris, 4.20 ,"462,957",56.616,733
Uglies,Scott Westerfeld, 3.86 ,"559,690",56.436,671
City of Fallen Angels,Cassandra Clare, 4.12 ,"480,205",56.434,703
Man&#39;s Search for Meaning,Viktor E. Frankl, 4.36 ,"399,381",56.140,655
She&#39;s Come Undone,Wally Lamb, 3.88 ,"316,053",55.867,676
The Phantom of the Opera,Gaston Leroux, 3.96 ,"198,537",54.625,704
Marley and Me: Life and Love With the World&#39;s Worst Dog,John Grogan, 4.14 ,"440,377",54.607,685
Ella Enchanted,Gail Carson Levine, 3.98 ,"386,530",54.518,679
The Wind-Up Bird Chronicle,Haruki Murakami, 4.16 ,"217,884",54.275,609
Cinder,Marissa Meyer, 4.14 ,"681,298",53.375,617
The Green Mile,Stephen King, 4.45 ,"248,532",53.136,683
A Clash of Kings,George R.R. Martin, 4.41 ,"787,561",52.862,651
Blindness,José Saramago, 4.13 ,"200,140",52.830,609
The Sound and the Fury,William Faulkner, 3.86 ,"158,358",52.729,660
The Shack,William Paul Young, 3.78 ,"537,969",52.267,622
Marked,P.C. Cast, 3.80 ,"429,612",52.072,614
The Guernsey Literary and Potato Peel Pie Society,Mary Ann Shaffer, 4.17 ,"609,620",51.407,628
For Whom the Bell Tolls,Ernest Hemingway, 3.97 ,"248,952",51.234,699
Fear and Loathing in Las Vegas,Hunter S. Thompson, 4.08 ,"298,681",51.199,619
The House of the Spirits,Isabel Allende, 4.24 ,"189,479",50.819,639
The Complete Calvin and Hobbes,Bill Watterson, 4.82 ,"34,868",50.709,632
Roots: The Saga of an American Family,Alex Haley, 4.43 ,"145,942",50.100,658
Howl&#39;s Moving Castle,Diana Wynne Jones, 4.26 ,"215,362",49.956,596
Misery,Stephen King, 4.17 ,"497,651",49.920,651
Stranger in a Strange Land,Robert A. Heinlein, 3.92 ,"275,181",49.644,618
Island of the Blue Dolphins,Scott O&#39;Dell, 3.84 ,"291,288",49.491,638
Midnight Sun [2008 Draft],Stephenie Meyer, 4.02 ,"146,178",48.808,573
The Girl Who Kicked the Hornet&#39;s Nest,Stieg Larsson, 4.22 ,"645,029",48.307,620
White Oleander,Janet Fitch, 3.97 ,"321,552",48.197,600
The Secret History,Donna Tartt, 4.09 ,"313,981",48.169,556
The Diary of a Young Girl,Anne Frank, 4.15 ,"2,737,382",47.931,619
Delirium,Lauren Oliver, 3.97 ,"416,385",47.672,547
Beautiful Disaster,Jamie McGuire, 4.10 ,"546,324",47.581,536
Othello,William Shakespeare, 3.90 ,"314,858",47.570,684
Flow Down Like Silver: Hypatia of Alexandria,Ki Longfellow, 4.43 ,"2,279",47.531,491
Paper Towns,John Green, 3.80 ,"918,023",47.465,558
The Vampire Lestat,Anne Rice, 4.07 ,"176,496",47.256,605
The Idiot,Fyodor Dostoyevsky, 4.18 ,"132,260",47.126,601
Speak,Laurie Halse Anderson, 4.02 ,"484,541",47.066,580
King Lear,William Shakespeare, 3.91 ,"180,470",46.782,642
The Once and Future King,T.H. White, 4.05 ,"100,106",46.527,578
I Know This Much Is True,Wally Lamb, 4.19 ,"289,391",46.411,554
Neverwhere,Neil Gaiman, 4.17 ,"429,041",45.998,564
Into the Wild,Jon Krakauer, 3.99 ,"877,991",45.927,582
Uncle Tom&#39;s Cabin,Harriet Beecher Stowe, 3.87 ,"197,453",45.654,636
"Lamb: The Gospel According to Biff, Christ&#39;s Childhood Pal",Christopher Moore, 4.24 ,"150,993",45.600,510
Inkheart,Cornelia Funke, 3.88 ,"368,954",45.545,576
The Historian,Elizabeth Kostova, 3.79 ,"242,092",44.823,542
The Complete Sherlock Holmes,Arthur Conan Doyle, 4.48 ,"174,012",44.539,580
Candide,Voltaire, 3.77 ,"219,391",44.231,583
James and the Giant Peach,Roald Dahl, 4.02 ,"378,317",44.080,619
Invisible Man,Ralph Ellison, 3.88 ,"156,599",43.994,556
Paradise Lost,John Milton, 3.81 ,"136,626",43.655,590
Blood River: A Journey to Africa&#39;s Broken Heart,Tim Butcher, 4.06 ,"7,515",43.627,440
All Creatures Great and Small,James Herriot, 4.32 ,"114,398",43.536,578
Gone Girl,Gillian Flynn, 4.07 ,"2,326,416",43.529,531
Leaves of Grass,Walt Whitman, 4.12 ,"89,745",43.476,590
Graceling,Kristin Cashore, 4.08 ,"384,244",43.275,511
The Thirteenth Tale,Diane Setterfield, 3.97 ,"271,975",42.961,522
The Complete Works,William Shakespeare, 4.50 ,"50,158",42.931,558
Norwegian Wood,Haruki Murakami, 4.03 ,"346,601",42.890,494
The Things They Carried,Tim O&#39;Brien, 4.13 ,"250,990",42.780,523
Foundation,Isaac Asimov, 4.17 ,"408,708",42.778,524
The Time Machine,H.G. Wells, 3.89 ,"412,141",42.526,594
Different Seasons,Stephen King, 4.34 ,"176,537",42.522,573
The Cider House Rules,John Irving, 4.13 ,"161,086",42.495,571
Kafka on the Shore,Haruki Murakami, 4.13 ,"305,103",41.756,474
Heidi,Johanna Spyri, 3.99 ,"172,437",41.699,582
"Are You There God? It&#39;s Me, Margaret",Judy Blume, 3.90 ,"189,096",41.526,555
City of Lost Souls,Cassandra Clare, 4.27 ,"423,276",41.154,513
Sophie&#39;s World,Jostein Gaarder, 3.93 ,"199,924",41.018,497
Walden,Henry David Thoreau, 3.78 ,"157,558",40.641,543
The Wise Man&#39;s Fear,Patrick Rothfuss, 4.56 ,"426,979",40.195,443
زندگی مه آلود پریا,سید مرتضی مصطفوی, 3.92 ,948,39.342,396
The Awakening,Kate Chopin, 3.65 ,"170,509",39.307,501
Fangirl,Rainbow Rowell, 4.05 ,"574,058",39.173,450
Sophie&#39;s Choice,William Styron, 4.18 ,"81,672",38.844,528
The Prince of Tides,Pat Conroy, 4.24 ,"193,737",38.129,502
Never Let Me Go,Kazuo Ishiguro, 3.82 ,"470,274",37.910,465
The Son of Neptune,Rick Riordan, 4.43 ,"412,147",37.610,475
Dead Until Dark,Charlaine Harris, 3.96 ,"495,421",37.299,470
Fried Green Tomatoes at the Whistle Stop Cafe,Fannie Flagg, 4.28 ,"265,607",37.166,518
Fifty Shades Darker,E.L. James, 3.84 ,"744,343",36.997,438
Ready Player One,Ernest Cline, 4.26 ,"859,151",36.716,409
Middlemarch,George Eliot, 3.97 ,"135,509",36.560,456
The Monster at the End of this Book,Jon Stone, 4.44 ,"119,975",36.511,451
Things Fall Apart,Chinua Achebe, 3.68 ,"287,268",36.188,467
Bridget Jones&#39;s Diary,Helen Fielding, 3.78 ,"881,076",36.093,497
A Court of Mist and Fury,Sarah J. Maas, 4.62 ,"331,136",36.042,389
Mrs. Dalloway,Virginia Woolf, 3.79 ,"223,112",35.923,476
Franny and Zooey,J.D. Salinger, 3.98 ,"185,472",35.744,457
Mockingjay,Suzanne Collins, 4.04 ,"2,345,592",35.595,460
The Power of One,Bryce Courtenay, 4.33 ,"79,201",35.382,405
The Magician&#39;s Nephew,C.S. Lewis, 4.04 ,"409,977",35.290,489
Stardust,Neil Gaiman, 4.08 ,"358,169",35.091,452
A Time to Kill,John Grisham, 4.07 ,"702,633",34.966,472
The Gunslinger,Stephen King, 3.95 ,"514,133",34.913,430
Number the Stars,Lois Lowry, 4.15 ,"447,957",34.665,456
Allegiant,Veronica Roth, 3.62 ,"825,832",34.417,422
Eleanor &amp; Park,Rainbow Rowell, 4.05 ,"859,077",34.392,401
Do Androids Dream of Electric Sheep?,Philip K. Dick, 4.08 ,"344,712",34.375,444
A Short History of Nearly Everything,Bill Bryson, 4.20 ,"297,655",34.290,413
The Lord of the Rings,J.R.R. Tolkien, 4.50 ,"564,004",34.125,409
The Mark of Athena,Rick Riordan, 4.45 ,"440,007",34.073,421
The Art of Racing in the Rain,Garth Stein, 4.21 ,"451,679",34.004,403
Me Before You,Jojo Moyes, 4.26 ,"1,147,128",33.973,395
If I Stay,Gayle Forman, 3.94 ,"711,731",33.968,407
Black Beauty,Anna Sewell, 3.96 ,"238,733",33.920,489
The Hound of the Baskervilles,Arthur Conan Doyle, 4.12 ,"253,619",33.889,471
The Way of Kings,Brandon Sanderson, 4.63 ,"301,984",33.834,357
A Portrait of the Artist as a Young Man,James Joyce, 3.62 ,"127,941",33.763,443
Legend,Marie Lu, 4.17 ,"410,545",33.729,387
Gulliver&#39;s Travels,Jonathan Swift, 3.57 ,"231,749",33.673,516
Bel Canto,Ann Patchett, 3.93 ,"239,360",33.500,405
American Psycho,Bret Easton Ellis, 3.81 ,"241,838",33.463,402
V for Vendetta,Alan Moore, 4.25 ,"263,931",33.219,433
Love You Forever,Robert Munsch, 4.36 ,"202,208",33.186,421
The Witches,Roald Dahl, 4.17 ,"313,235",33.065,443
القرآن الكريم,Anonymous, 4.35 ,"57,400",32.967,372
The Graveyard Book,Neil Gaiman, 4.13 ,"436,951",32.962,422
The Complete Novels,Jane Austen, 4.56 ,"29,689",32.890,442
Fifty Shades Freed,E.L. James, 3.85 ,"713,144",32.676,389
Cold Mountain,Charles Frazier, 3.86 ,"221,279",32.650,443
White Fang,Jack London, 3.98 ,"153,462",32.467,463
Wonder,R.J. Palacio, 4.44 ,"731,621",32.187,375
Beowulf,Unknown, 3.45 ,"238,511",31.884,459
Tuck Everlasting,Natalie Babbitt, 3.87 ,"231,773",31.793,434
Beautiful Creatures,Kami Garcia, 3.76 ,"538,736",31.593,390
Steppenwolf,Hermann Hesse, 4.13 ,"135,539",31.483,397
The Final Empire,Brandon Sanderson, 4.45 ,"400,909",31.479,347
Eldest,Christopher Paolini, 3.99 ,"354,527",31.458,405
Dark Lover,J.R. Ward, 4.19 ,"288,781",31.344,367
Go Ask Alice,Beatrice Sparks, 3.76 ,"234,529",31.333,421
انتحار فاشل,أحمد جمال الدين رمضان, 4.51 ,"2,261",31.046,318
The Tell-Tale Heart and Other Writings,Edgar Allan Poe, 4.17 ,"221,510",31.016,453
The Eye of the World,Robert Jordan, 4.17 ,"391,061",30.920,363
As I Lay Dying,William Faulkner, 3.72 ,"136,729",30.850,414
A Separate Peace,John Knowles, 3.58 ,"190,752",30.697,419
The Complete Maus,Art Spiegelman, 4.55 ,"137,290",30.521,396
Mansfield Park,Jane Austen, 3.86 ,"282,819",30.080,426
The Amazing Adventures of Kavalier &amp; Clay,Michael Chabon, 4.18 ,"183,927",29.943,368
Brisingr,Christopher Paolini, 4.05 ,"298,619",29.909,390
العصبي,أحمد جمال الدين رمضان, 4.52 ,"1,944",29.592,304
A Child Called &quot;It&quot;,Dave Pelzer, 4.11 ,"378,607",29.539,384
Stargirl,Jerry Spinelli, 3.76 ,"296,227",29.529,356
Tao Te Ching,Lao Tzu, 4.28 ,"116,855",29.380,375
&#39;Salem&#39;s Lot,Stephen King, 4.03 ,"333,474",29.065,394
Dear John,Nicholas Sparks, 4.03 ,"539,394",29.023,368
Midnight&#39;s Children,Salman Rushdie, 3.98 ,"104,453",28.992,352
Obsidian,Jennifer L. Armentrout, 4.19 ,"225,211",28.991,327
The Martian Chronicles,Ray Bradbury, 4.14 ,"209,944",28.966,388
Crescendo,Becca Fitzpatrick, 4.04 ,"274,334",28.887,357
The English Patient,Michael Ondaatje, 3.88 ,"113,252",28.800,393
East of Eden,John Steinbeck, 4.38 ,"428,410",28.764,344
Cloud Atlas,David Mitchell, 4.01 ,"215,819",28.752,346
Zen and the Art of Motorcycle Maintenance: An Inquiry Into Values,Robert M. Pirsig, 3.77 ,"200,142",28.738,364
The Martian,Andy Weir, 4.40 ,"816,133",28.704,336
The Firm,John Grisham, 4.02 ,"563,778",28.613,419
The Last Song,Nicholas Sparks, 4.15 ,"504,519",28.609,350
My Ántonia,Willa Cather, 3.80 ,"119,809",28.526,388
Shatter Me,Tahereh Mafi, 3.95 ,"290,202",28.364,327
The Amber Spyglass,Philip Pullman, 4.09 ,"297,804",28.341,362
Doctor Zhivago,Boris Pasternak, 4.01 ,"82,333",28.285,422
The Hunchback of Notre-Dame,Victor Hugo, 3.99 ,"171,115",28.230,406
Robinson Crusoe,Daniel Defoe, 3.68 ,"247,575",28.064,420
Inferno,Dante Alighieri, 4.00 ,"142,843",27.932,380
Like Water for Chocolate,Laura Esquivel, 3.95 ,"324,306",27.863,395
Breakfast at Tiffany&#39;s and Three Stories,Truman Capote, 3.88 ,"211,299",27.505,386
Room,Emma Donoghue, 4.06 ,"713,448",27.254,336
Dragonfly in Amber,Diana Gabaldon, 4.32 ,"286,783",27.148,341
Breakfast of Champions,Kurt Vonnegut Jr., 4.07 ,"222,645",27.035,340
The BFG,Roald Dahl, 4.22 ,"372,710",27.029,366
Six of Crows,Leigh Bardugo, 4.43 ,"313,919",26.728,294
Harry Potter Series Box Set,J.K. Rowling, 4.73 ,"251,459",26.706,323
The Origin of Species,Charles Darwin, 3.98 ,"99,131",26.616,365
A Fine Balance,Rohinton Mistry, 4.35 ,"129,099",26.200,312
Daughter of Smoke &amp; Bone,Laini Taylor, 4.01 ,"310,251",26.196,308
Evermore,Alyson Noel, 3.59 ,"262,532",26.159,317
The Strange Case of Dr. Jekyll and Mr. Hyde,Robert Louis Stevenson, 3.82 ,"383,606",26.156,381
City of Heavenly Fire,Cassandra Clare, 4.44 ,"288,170",25.986,324
Death of a Salesman,Arthur  Miller, 3.53 ,"185,547",25.760,400
The Subtle Knife,Philip Pullman, 4.13 ,"365,611",25.714,345
11/22/63,Stephen King, 4.31 ,"419,510",25.504,309
A Streetcar Named Desire,Tennessee Williams, 3.98 ,"261,092",25.409,388
The Plague,Albert Camus, 4.01 ,"171,104",25.332,345
Midnight in the Garden of Good and Evil,John Berendt, 3.92 ,"223,680",25.322,357
Infinite Jest,David Foster Wallace, 4.28 ,"74,247",25.154,274
The Prince,Niccolò Machiavelli, 3.82 ,"259,556",25.150,352
Hamlet,William Shakespeare, 4.02 ,"729,283",25.096,322
"Faust, First Part",Johann Wolfgang von Goethe, 3.93 ,"58,218",25.082,335
The Remains of the Day,Kazuo Ishiguro, 4.12 ,"199,779",24.879,347
Anna and the French Kiss,Stephanie Perkins, 4.01 ,"363,615",24.862,287
Snow Flower and the Secret Fan,Lisa See, 4.08 ,"339,227",24.854,317
The Angel Experiment,James Patterson, 4.07 ,"205,634",24.610,303
A Feast for Crows,George R.R. Martin, 4.14 ,"620,259",24.539,322
Miss Peregrine&#39;s Home for Peculiar Children,Ransom Riggs, 3.91 ,"975,664",24.412,306
Matched,Ally Condie, 3.66 ,"652,748",24.354,304
Flowers in the Attic,V.C. Andrews, 3.82 ,"160,403",24.342,325
The Shipping News,Annie Proulx, 3.86 ,"130,267",24.228,333
"Unbroken: A World War II Story of Survival, Resilience and Redemption",Laura Hillenbrand, 4.36 ,"766,108",24.200,290
The Scarlet Pimpernel,Emmuska Orczy, 4.06 ,"124,120",24.140,310
Hopeless,Colleen Hoover, 4.29 ,"267,778",24.048,269
Jonathan Strange &amp; Mr Norrell,Susanna Clarke, 3.82 ,"197,951",23.949,296
The Chosen,Chaim Potok, 4.04 ,"85,793",23.909,324
High Fidelity,Nick Hornby, 3.93 ,"173,438",23.703,296
"Blood Meridian, or the Evening Redness in the West",Cormac McCarthy, 4.17 ,"107,359",23.647,276
Houdini Heart,Ki Longfellow, 4.21 ,"2,018",23.469,243
All the Light We Cannot See,Anthony Doerr, 4.33 ,"1,022,522",23.297,274
Artemis Fowl,Eoin Colfer, 3.85 ,"495,363",23.235,303
Pippi Longstocking,Astrid Lindgren, 4.13 ,"167,687",23.139,335
The Tales of Beedle the Bard,J.K. Rowling, 4.06 ,"406,038",23.096,331
The Virgin Suicides,Jeffrey Eugenides, 3.82 ,"228,603",22.976,301
The Reader,Bernhard Schlink, 3.76 ,"170,661",22.873,324
Nineteen Minutes,Jodi Picoult, 4.13 ,"300,388",22.630,287
The House of Hades,Rick Riordan, 4.54 ,"261,472",22.380,280
Shantaram,Gregory David Roberts, 4.25 ,"167,361",22.250,253
"The Devil in the White City: Murder, Magic, and Madness at the Fair That Changed America",Erik Larson, 3.99 ,"520,784",22.245,290
Redeeming Love,Francine Rivers, 4.49 ,"212,833",22.088,251
The Age of Innocence,Edith Wharton, 3.95 ,"139,350",21.996,309
The Host,Stephenie Meyer, 3.84 ,"894,106",21.793,272
The Lost Symbol,Dan Brown, 3.71 ,"520,551",21.758,280
Neuromancer,William Gibson, 3.90 ,"261,957",21.673,268
Betrayed,P.C. Cast, 3.93 ,"239,874",21.656,281
Waiting for Godot,Samuel Beckett, 3.83 ,"160,127",21.646,290
Northanger Abbey,Jane Austen, 3.83 ,"297,505",21.528,317
The Voyage of the Dawn Treader,C.S. Lewis, 4.09 ,"394,463",21.419,310
Dubliners,James Joyce, 3.85 ,"122,869",21.387,303
The Grapes of Wrath,John Steinbeck, 3.97 ,"749,335",21.349,287
Lover Awakened,J.R. Ward, 4.44 ,"161,356",21.280,258
A Court of Thorns and Roses,Sarah J. Maas, 4.22 ,"473,979",21.102,244
War and Peace,Leo Tolstoy, 4.12 ,"264,333",21.021,257
Divine Secrets of the Ya-Ya Sisterhood,Rebecca Wells, 3.83 ,"522,543",20.996,310
The Waste Land,T.S. Eliot, 4.11 ,"42,687",20.932,293
Untamed,P.C. Cast, 3.95 ,"213,399",20.905,270
Everything Is Illuminated,Jonathan Safran Foer, 3.90 ,"164,152",20.856,255
A Dance with Dragons,George R.R. Martin, 4.32 ,"555,252",20.769,274
Crown of Midnight,Sarah J. Maas, 4.42 ,"337,796",20.551,244
To the Lighthouse,Virginia Woolf, 3.78 ,"132,935",20.466,277
The Twilight Collection,Stephenie Meyer, 3.79 ,"43,723",20.440,260
"I, Robot",Isaac Asimov, 4.20 ,"275,258",20.373,280
The Pearl,John Steinbeck, 3.48 ,"187,762",20.347,318
I Know Why the Caged Bird Sings,Maya Angelou, 4.24 ,"408,460",20.304,290
The One,Kiera Cass, 4.20 ,"379,553",20.204,241
The Jungle,Upton Sinclair, 3.75 ,"128,783",20.164,280
Carrie,Stephen King, 3.96 ,"519,558",20.034,292
Snow Falling on Cedars,David Guterson, 3.84 ,"165,895",19.933,285
Voyager,Diana Gabaldon, 4.37 ,"256,768",19.903,255
"I, Claudius",Robert Graves, 4.23 ,"56,547",19.881,270
Heir of Fire,Sarah J. Maas, 4.48 ,"278,813",19.749,229
Me Talk Pretty One Day,David Sedaris, 3.99 ,"617,578",19.727,266
Chosen,P.C. Cast, 3.91 ,"221,912",19.431,253
A Room with a View,E.M. Forster, 3.91 ,"151,792",19.369,290
Bleak House,Charles Dickens, 4.00 ,"96,933",19.159,263
The Republic,Plato, 3.94 ,"170,602",19.147,281
The Last Battle,C.S. Lewis, 4.02 ,"221,547",19.027,278
The Exorcist,William Peter Blatty, 4.18 ,"180,271",18.994,276
The Elephant Tree,R.D. Ronald, 4.13 ,"61,642",18.819,209
Coraline,Neil Gaiman, 4.06 ,"480,543",18.768,256
Demian: Die Geschichte von Emil Sinclairs Jugend,Hermann Hesse, 4.13 ,"74,108",18.598,223
The 5th Wave,Rick Yancey, 4.04 ,"387,856",18.378,221
Quantum Roots II: Worm Holes,Kyle Keyes, 4.35 ,"8,361",18.334,204
Aristotle and Dante Discover the Secrets of the Universe,Benjamin Alire Sáenz, 4.33 ,"259,240",18.331,200
The Iron King,Julie Kagawa, 3.90 ,"191,369",18.280,224
The Arabian Nights,Anonymous, 4.04 ,"60,994",18.263,256
The Complete Poems of Emily Dickinson,Emily Dickinson, 4.23 ,"77,111",18.245,287
Torment,Lauren Kate, 3.87 ,"207,633",18.239,235
Bloodlines,Richelle Mead, 4.20 ,"167,189",18.233,231
Mistress Suffragette,Diana   Forbes, 4.34 ,"7,645",18.215,203
Wizard&#39;s First Rule,Terry Goodkind, 4.12 ,"229,002",18.170,218
Vanity Fair,William Makepeace Thackeray, 3.79 ,"117,980",18.169,260
North and South,Elizabeth Gaskell, 4.13 ,"143,387",18.164,234
Brideshead Revisited,Evelyn Waugh, 4.00 ,"93,193",18.048,246
The God Delusion,Richard Dawkins, 3.90 ,"231,115",18.030,229
Of Human Bondage,W. Somerset Maugham, 4.11 ,"49,921",17.959,251
Pet Sematary,Stephen King, 4.00 ,"423,976",17.770,246
Snow Crash,Neal Stephenson, 4.02 ,"236,572",17.719,208
World War Z: An Oral History of the Zombie War,Max Brooks, 4.01 ,"439,169",17.610,222
A Great and Terrible Beauty,Libba Bray, 3.78 ,"207,517",17.567,217
Bared to You,Sylvia Day, 4.18 ,"453,509",17.549,205
The Witching Hour,Anne Rice, 4.11 ,"101,737",17.529,235
The War of the Worlds,H.G. Wells, 3.83 ,"244,367",17.525,267
The Summoning,Kelley Armstrong, 4.02 ,"154,360",17.426,217
"Cry, the Beloved Country",Alan Paton, 3.89 ,"67,232",17.296,237
Johnny Got His Gun,Dalton Trumbo, 4.18 ,"34,301",17.156,211
Chocolat,Joanne Harris, 3.96 ,"113,021",17.156,255
Halfway to the Grave,Jeaniene Frost, 4.16 ,"135,587",17.038,204
Three Cups of Tea: One Man&#39;s Mission to Promote Peace ... One School at a Time,Greg Mortenson, 3.65 ,"325,603",17.023,232
The Mortal Instruments Boxed Set: City of Bones; City of Ashes; City of Glass,Cassandra Clare, 4.56 ,"64,911",17.009,216
Perfect Chemistry,Simone Elkeles, 4.06 ,"239,383",17.008,200
Red Queen,Victoria Aveyard, 4.04 ,"563,688",17.003,191
City of Glass,Cassandra Clare, 4.31 ,"794,368",16.969,226
The Woman in White,Wilkie Collins, 3.99 ,"131,455",16.913,243
Angels &amp; Demons,Dan Brown, 3.90 ,"2,673,067",16.909,217
Just Listen,Sarah Dessen, 4.06 ,"231,240",16.745,204
2001: A Space Odyssey,Arthur C. Clarke, 4.15 ,"259,141",16.704,226
The Truth About Forever,Sarah Dessen, 4.12 ,"208,876",16.672,205
A Discovery of Witches,Deborah Harkness, 4.00 ,"368,191",16.633,198
Unwind,Neal Shusterman, 4.17 ,"191,466",16.625,197
Trainspotting,Irvine Welsh, 4.07 ,"152,958",16.613,205
Are You My Mother?,P.D. Eastman, 4.19 ,"213,196",16.520,245
Cannery Row,John Steinbeck, 4.04 ,"111,901",16.505,240
Much Ado About Nothing,William Shakespeare, 4.06 ,"214,521",16.497,244
Swann&#39;s Way,Marcel Proust, 4.12 ,"47,001",16.418,205
The Polar Express,Chris Van Allsburg, 4.30 ,"211,621",16.361,258
Sarah&#39;s Key,Tatiana de Rosnay, 4.16 ,"419,262",16.291,214
Acheron,Sherrilyn Kenyon, 4.57 ,"54,421",16.205,188
Lady Chatterley&#39;s Lover,D.H. Lawrence, 3.51 ,"101,459",16.204,250
The Elite,Kiera Cass, 4.02 ,"424,646",16.080,201
Silence,Becca Fitzpatrick, 4.12 ,"243,642",16.076,203
Ishmael,Daniel Quinn, 3.98 ,"83,221",16.052,194
Nine Stories,J.D. Salinger, 4.18 ,"134,022",15.991,212
The Unbecoming of Mara Dyer,Michelle Hodkin, 4.05 ,"152,525",15.955,183
All the Bright Places,Jennifer Niven, 4.15 ,"299,411",15.905,174
Into Thin Air: A Personal Account of the Mount Everest Disaster,Jon Krakauer, 4.18 ,"394,670",15.858,224
The Return of the King,J.R.R. Tolkien, 4.53 ,"677,832",15.851,218
Far From the Madding Crowd,Thomas Hardy, 3.94 ,"128,672",15.791,231
The Zombie Room,R.D. Ronald, 4.16 ,"61,283",15.778,175
I Am Number Four,Pittacus Lore, 3.94 ,"312,123",15.754,202
Angelfall,Susan Ee, 4.13 ,"164,319",15.745,178
The Horse and His Boy,C.S. Lewis, 3.91 ,"273,675",15.743,237
Dead to the World,Charlaine Harris, 4.12 ,"243,216",15.727,209
The Bronze Horseman,Paullina Simons, 4.30 ,"66,128",15.678,172
You Are Special,Max Lucado, 4.45 ,"49,144",15.642,184
Sabriel,Garth Nix, 4.15 ,"184,622",15.638,191
Cutting for Stone,Abraham   Verghese, 4.29 ,"336,667",15.631,195
Little House on the Prairie,Laura Ingalls Wilder, 4.19 ,"255,891",15.567,248
Being and Time,Martin Heidegger, 4.03 ,"20,097",15.553,159
Persuasion,Jane Austen, 4.14 ,"523,835",15.502,202
The Goose Girl,Shannon Hale, 4.12 ,"131,104",15.490,191
I Capture the Castle,Dodie Smith, 4.00 ,"84,476",15.485,200
The Last Lecture,Randy Pausch, 4.26 ,"302,556",15.336,192
The Glass Menagerie,Tennessee Williams, 3.71 ,"111,623",15.333,255
Ignite Me,Tahereh Mafi, 4.40 ,"137,145",15.294,180
Twelfth Night,William Shakespeare, 3.98 ,"155,459",15.244,234
The Darkest Minds,Alexandra Bracken, 4.18 ,"148,141",15.203,174
Invisible Monsters,Chuck Palahniuk, 3.98 ,"127,872",15.186,181
Wicked Lovely,Melissa Marr, 3.69 ,"152,466",15.134,188
The Hours,Michael Cunningham, 3.94 ,"125,091",15.131,214
Drums of Autumn,Diana Gabaldon, 4.33 ,"206,971",15.067,191
P.S. I Love You,Cecelia Ahern, 4.02 ,"337,143",15.036,194
World Without End,Ken Follett, 4.27 ,"197,851",15.010,199
Hunted,P.C. Cast, 3.93 ,"162,351",14.922,195
Queen of Shadows,Sarah J. Maas, 4.55 ,"241,044",14.897,172
A Christmas Carol,Charles Dickens, 4.06 ,"599,073",14.892,213
The Merchant of Venice,William Shakespeare, 3.80 ,"157,746",14.880,234
The Last Unicorn,Peter S. Beagle, 4.15 ,"96,916",14.809,188
Slammed,Colleen Hoover, 4.26 ,"209,237",14.733,167
Little House in the Big Woods,Laura Ingalls Wilder, 4.18 ,"232,834",14.731,233
Hyperion,Dan Simmons, 4.23 ,"187,383",14.720,175
No Country for Old Men,Cormac McCarthy, 4.12 ,"147,453",14.661,196
The Bean Trees,Barbara Kingsolver, 3.97 ,"135,000",14.620,215
The Raven Boys,Maggie Stiefvater, 4.05 ,"269,311",14.611,169
The Bad Beginning,Lemony Snicket, 3.95 ,"397,353",14.584,200
Cyrano de Bergerac,Edmond Rostand, 4.07 ,"72,041",14.569,210
Speaker for the Dead,Orson Scott Card, 4.07 ,"224,856",14.462,183
The Westing Game,Ellen Raskin, 4.01 ,"165,027",14.422,188
Interpreter of Maladies,Jhumpa Lahiri, 4.15 ,"160,057",14.341,190
The Red Pyramid,Rick Riordan, 4.08 ,"317,534",14.315,194
We Were Liars,E. Lockhart, 3.83 ,"463,586",14.288,161
The Goldfinch,Donna Tartt, 3.92 ,"718,874",14.278,168
All the King&#39;s Men,Robert Penn Warren, 4.07 ,"57,986",14.192,197
Julius Caesar,William Shakespeare, 3.69 ,"168,621",14.148,230
Lover Eternal,J.R. Ward, 4.34 ,"172,904",14.062,179
"Finding Hope in the Darkness of Grief: Spiritual Insights Expressed Through Art, Poetry and Prose",Diamante Lavendar, 4.33 ,"5,292",14.021,157
